INSERT INTO `caracteristicas` (id,reparto,duracion,clasificacion,director)
VALUES
   (1, 'Chris Pratt, Charlie Daym, Anya Taylor-Joy, Jack Black', '92', 'ATP', 'Michael Jelenic'),
   (2, 'Keanu Reeves,Donnie Yen,Bill Skarsgård,Ian McShane,Laurence Fishburne,Lance Reddick', '170', 'R', 'Chad Stahelski'),
   (3, 'Vin Diesel,Michelle Rodriguez,Tyrese Gibson,Ludacris,John Cena,Nathalie Emmanuel,Jordana Brewster,Sung Kang,Jason Momoa', '142', 'PG-13', 'Louis Leterrier'),
   (4, 'Lily Sullivan,Alyssa Sutherland,Morgan Davies,Gabrielle Echols,Nell Fisher,Anna-Maree Thomas', '96', '16', 'Lee Cronin'),
   (5, 'Jorma Tommila,Aksel Hennie,Jack Doolan,Mimosa Willamo,Onni Tommila,Tatu Sinisalo', '91', 'K-16', 'Jalmari Helander'),
   (6, 'Chris Pratt,Zoe Saldaña,Dave Bautista,Karen Gillan,Pom Klementieff,Vin Diesel,Bradley Cooper', '150', 'PG-13', 'James Gunn'),
   (7, 'Jennifer Lopez,Joseph Fiennes,Omari Hardwick,Gael García Bernal,Paul Raci', '115', 'R', 'Niki Caro'),
   (8, 'Russell Crowe,Daniel Zovatto,Alex Essoe,Franco Nero', '103', '16', 'Julius Avery'),
   (9, 'Chris Pine,Michelle Rodriguez,Regé-Jean Page,Justice Smith,Sophia Lillis', '134', 'PG-13', 'Jonathan Goldstein'),
   (10, 'Jake Gyllenhaal,Dar Salim,Antony Starr,Alexander Ludwig,Jonny Lee Miller', '123', 'R', 'Guy Ritchie'),
   (11, 'Brendan Fehr,Dolph Lundgren,Luke Wilson,Nicky Whelan,Scout Taylor-Compton', '93', 'R', 'Shane Dax Taylor'),
   (12, 'Shameik Moore,Hailee Steinfeld,Jake Johnson,Oscar Isaac,Issa Rae', '140', 'PG', 'Kemp Powers'),
   (13, 'Anthony Ramos,Dominique Fishback,Luna Lauren Velez,Dean Scott Vazquez,Tobe Nwigwe,Ron Perlman', '126', 'PG-13', 'Steven Caple Jr.'),
   (14, 'Halle Bailey,Jonah Hauer-King,Daveed Diggs,Awkwafina,Jacob Tremblay', '135', 'PG','Rob Marshall'),
   (15, 'Paul Rudd,Evangeline Lilly,Jonathan Majors,Kathryn Newton,Michelle Pfeiffer,Michael Douglas', '125', 'PG-13', 'Peyton Reed'),
   (16, 'Sam Worthington,Zoe Saldaña,Sigourney Weaver,Stephen Lang,Kate Winslet', '192', 'PG-13', 'James Cameron'),
   (17, 'Michael B. Jordan,Tessa Thompson,Jonathan Majors,Phylicia Rashād,Mila Davis-Kent', '116', 'PG-13', 'Michael B. Jordan'),
   (18, 'Antonio Banderas,Salma Hayek,Harvey Guillén,Wagner Moura,Florence Pugh', '103', 'ATP', 'Joel Crawford');
   
INSERT INTO `categorias` VALUES (1,'Género que mantiene al espectador en constante tensión y expectativa, a través de giros inesperados, misterios y situaciones peligrosas.','Suspenso','urlImg'),
(2,'Provoca miedo y susto en el público, utilizando elementos como monstruos, asesinos, fenómenos sobrenaturales y situaciones aterradoras.','Terror','urlImg'),
(3,'Se enfoca en la exploración emocional y las relaciones humanas, presentando conflictos y desafíos que llevan a reflexionar sobre la condición humana.','Drama','urlImg'),
(4,'Transporta al espectador a lugares exóticos y emocionantes, llenos de peligros y desafíos, donde los protagonistas buscan lograr una meta o superar obstáculos.','Aventura','urlImg'),
(5,'Combina elementos imaginativos y mágicos en un mundo ficticio, donde suceden cosas que no son posibles en la realidad, creando mundos y criaturas fascinantes.','Fantasía','urlImg'),
(6,'Orientado a audiencias de todas las edades, ofrece entretenimiento y mensajes positivos que promueven los valores familiares y las relaciones intergeneracionales.','Familia','urlImg'),
(7,'Destaca las relaciones amorosas y sentimentales, centrándose en los encuentros y desencuentros de parejas, con énfasis en la pasión y el romanticismo.','Romance','urlImg'),
(8,'Dirigida a los más jóvenes, utiliza animación y humor para contar historias divertidas y ligeras, con personajes coloridos y situaciones cómicas.','Comedia infantil animada','urlImg'),
(9,'Encantadoras historias entrelazadas con canciones y coreografías que despiertan emociones y transportan al espectador a un mundo lleno de melodía y baile.','Musical','urlImg'),
(10,'Combina humor y situaciones conmovedoras para explorar la vida cotidiana y las relaciones humanas, generando risas y reflexiones a la vez.','Comedia dramática','urlImg'),
(11,'Deslumbra con visiones futuristas y conceptos científicos imaginativos, donde la tecnología, extraterrestres y mundos alternativos crean una experiencia fascinante.','Ciencia ficción','urlImg'),
(12,'Ofrece risas y entretenimiento a través de situaciones divertidas, diálogos ingeniosos y personajes cómicos, brindando un escape ligero y divertido.','Comedia','urlImg'),
(13,'Combina romance y humor en historias de amor encantadoras, con situaciones cómicas y finales felices, llenando de alegría y suspiros al público.','Comedia romántica','urlImg'),
(14,'Llena de adrenalina y emociones intensas, presenta escenas de lucha, persecuciones y explosiones, con héroes valientes y villanos desafiantes.','Acción','urlImg'),
(15,'Dirigida a los más pequeños, ofrece diversión inocente, personajes carismáticos y situaciones cómicas que enseñan lecciones valiosas mientras hacen reír.','Comedia infantil','urlImg');

INSERT INTO `ciudades` VALUES (1,'Azul',1),(2,'Rosario',1),(3,'Mar del plata',1);

INSERT INTO `cines` (`id`, `direccion`,`latitud`,`longitud`,`nombre`,`ciudad_id`) VALUES (1,'Calle A, 123',40.123456,-74.654321,'Cine A',1),
(2,'Avenida B, 456',40.654321,-74.123456,'Cine B',2),(3,'Carrera C, 789',40.987654,-74.56789,'Cine C',3),
(4,'Calle D, 321',40.246813,-74.97531,'Cine D',1),(5,'Avenida E, 654',40.135792,-74.086421,'Cine E',2),(6,'Carrera F, 987',40.97531,-74.246813,'Cine F',3);

INSERT INTO `salas` (`id`,`nombre`,`vigente`,`cine_id`)VALUES (1,'Sala 1',1,1),(2,'María Teresa',1,2),(3,'Sala A',1,3),(4,'Sala 2',1,1),(5,'Jorge Luis Borges',1,3);

INSERT INTO `peliculas` VALUES (1,'https://image.tmdb.org/t/p/original/nLBRD7UPR6GjmWQp6ASAfCTaWKX.jp ','Mientras trabajan en una avería subterránea, los fontaneros de Brooklyn,
 \nMario y su hermano Luigi, viajan por una misteriosa tubería hasta un nuevo mundo mágico. \nPero, cuando los hermanos se separan, Mario deberá emprender una épica misión para encontrar a Luigi.',
 'https://image.tmdb.org/t/p/original/zNKs1T0VZuJiVuhuL5GSCNkGdxf.jpg','The Super Mario Bros. Movie','https://www.youtube.com/watch?v=uSDMbe64zTg&ab_channel=UniversalSpain',_binary '',1),
 (2,'https://image.tmdb.org/t/p/original/h8gHn0OzBoaefsYseUByqsmEDMY.jpg','John Wick descubre un camino para derrotar a la Alta Mesa. Pero para poder ganar su libertad,
 Wick deberá enfrentarse a un nuevo rival con poderosas alianzas en todo el mundo, capaz de convertir a viejos amigos en enemigos.','https://image.tmdb.org/t/p/original/gh2bmprLtUQ8oXCSluzfqaicyrm.jpg',
 'John Wick: Chapter 4','https://www.youtube.com/watch?v=L0anWmmd8TI',_binary '',2),
 (3,'https://image.tmdb.org/t/p/original/4t0oBFrJyweYPt0hocW6RUa0b6H.jpg','Durante numerosas misiones más que imposibles, Dom Toretto y su familia han sido capaces de ser más listos,
 de tener más valor y de ir más rápido que cualquier enemigo que se cruzara con ellos. Pero ahora tendrán que enfrentarse al oponente más letal que jamás hayan conocido: un terrible
 peligro que resurge del pasado, que se mueve por una sangrienta sed de venganza y que está dispuesto a destrozar a la familia y destruir para siempre todo lo que a Dom le importa.',
 'https://image.tmdb.org/t/p/original/jmdi62j5uJV60EtYY8zsE1LRYEf.jpg','Fast & Furious X','https://www.youtube.com/watch?v=FDhvbIqTQwI',_binary '',3),
 (4,'https://image.tmdb.org/t/p/original/aAgGrfBwna1nO4M2USxwFgK5O0t.jpg','Historia de dos hermanas separadas cuyo reencuentro se ve interrumpido por el surgimiento de demonios poseedores de carne,
 empujándolos a una batalla por la supervivencia mientras se enfrentan a la versión de familia más aterradora que se pueda imaginar. Secuela de la trilgía original de Evil Dead.',
 'https://image.tmdb.org/t/p/original/ioMtng0qHbwNjR1fuxYZsRf1kjm.jpg','Evil Dead Rise','https://www.youtube.com/watch?v=xedWpltgifc',_binary '',4),
 (5,'https://image.tmdb.org/t/p/original/nyZ8e7lRRwdF21NyydRIo0B9AXZ.jpg','En lo profundo de la naturaleza salvaje de Laponia, Aatami Korpi está buscando oro, pero después de tropezar
 con una patrulla nazi, comienza una persecución impresionante y hambrienta de oro a través de la naturaleza salvaje de Laponia destruida y minada.',
 'https://image.tmdb.org/t/p/original/t9VXZkgcxpIwfPUKAWOOONs0vHv.jpg','Sisu','https://www.youtube.com/watch?v=eGKnowI0Y8A',_binary '',5),
 (6,'https://image.tmdb.org/t/p/original/5YZbUmjbMa3ClvSW1Wj3D6XGolb.jpg','Star-Lord, todavía recuperándose de la pérdida de Gamora, debe reunir a su equipo para defender el universo
 junto con la protección de uno de los suyos. Una misión que, si no se completa, podría llevar al final de los Guardianes tal como los conocemos.',
 'https://image.tmdb.org/t/p/original/voAxRv011XHK2qFBXmZKXPj2wWB.jpg','Guardians of the Galaxy Vol. 3','https://www.youtube.com/watch?v=56TaHRa5Ow0',_binary '',6),
 (7,'https://image.tmdb.org/t/p/original/i1eghEBiC0gN4KnwuUGC2fNiX1f.jpg','Una asesina mortal sale de su escondite para proteger a la hija a la que entregó años antes,
 mientras huía de hombres peligrosos.','https://image.tmdb.org/t/p/original/A8BXrFD0FIH2iVbOoTEw7DxnHCb.jpg','The Mother','https://www.youtube.com/watch?v=Awmni5mbyWE',_binary '',7),
 (8,'https://image.tmdb.org/t/p/original/hiHGRbyTcbZoLsYYkO4QiCLYe34.jpg','Película sobre Gabriele Amorth, un sacerdote que ejerció como exorcista principal del Vaticano, 
 realizando más de cien mil exorcismos a lo largo de su vida. Amorth escribió dos libros de memorias donde detalló sus experiencias luchando contra Satanás.',
 'https://image.tmdb.org/t/p/original/qcknZEeD71byJ3XSalDDZ5iHpNr.jpg','El exorsismo del papa','https://www.youtube.com/watch?v=a-Cx7IE04sA',_binary '',8),
 (9,'https://image.tmdb.org/t/p/original/oblUNeHlwV3VsjB5ITMlco5ZSOF.jpg','Un ladrón encantador y una banda de aventureros increíbles emprenden un atraco épico para recuperar una reliquia perdida,
 pero las cosas salen rematadamente mal cuando se topan con las personas equivocadas. Adaptación cinematográfica del primer juego de rol de la historia, publicado por primera vez en 1974.',
 'https://image.tmdb.org/t/p/original/6dW83oZuprt6mw1rIJrTJjuSVX3.jpg','Dungeons & Dragons: Honor Among Thieves','https://www.youtube.com/watch?v=uxeiOpiEj-A',_binary '',9),
 (10,'https://image.tmdb.org/t/p/original/eTvN54pd83TrSEOz6wbsXEJktCV.jpg','Después de una emboscada, el intérprete afgano Ahmed hace todo lo posible para salvar la vida del sargento del ejército
 estadounidense John Kinley. Cuando Kinley se entera de que a Ahmed y su familia no se les dio un pasaje seguro a Estados Unidos como prometieron, debe pagar su deuda regresando a la zona de guerra
 para recuperarlos antes de que los talibanes los persigan.','https://image.tmdb.org/t/p/original/jZy73aPYrwwhuc37ALgnJUCaTnK.jpg','Guy Ritchies The Covenant',
 'https://www.youtube.com/watch?v=02PPMPArNEQ',_binary '',10),
 (11,'https://image.tmdb.org/t/p/original/wIb43RlPf5iYeoBAYIfxfhpE8NI.jpg','Los mercenarios toman el control de un hotel remoto durante una boda y depende del padrino,
 el novio y su mejor amigo borracho detener a los terroristas y salvar a los rehenes.','https://image.tmdb.org/t/p/original/c9f6mFZqkyz4AD0sxGmynE1pe0v.jpg','The Best Man',
 'https://www.youtube.com/watch?v=fFrk7YkpAus',_binary '',11),
 (12,'https://image.tmdb.org/t/p/original/2I5eBh98Q4aPq8WdQrHdTC8ARhY.jpg','Miles Morales regresa para una aventura épica que transportará al amigable vecino de Brooklyn Spider-Man
 a través del Multiverso para unir fuerzas con Gwen Stacy y un nuevo equipo de Spider-People, y enfrentarse así a un villano mucho más poderoso que cualquier cosa que hayan conocido antes.',
 'https://image.tmdb.org/t/p/original/qqXTerrQYwg9pIMhb1GFbxa3WUz.jpg','Spider-Man: Across the Spider-Verse','https://www.youtube.com/watch?v=n0sZgOBah28',_binary '',12),
 (13,'https://image.tmdb.org/t/p/original/rH3jY9JN9krUyE0Q3WLNtujMs8.jpg','La batalla en la Tierra ya no es solo entre Autobots y Decepticons... Maximals, Predacons y Terrorcons
 se unen a Transformers: Rise of the Beasts.','https://image.tmdb.org/t/p/original/3oypSaTizrfBbpIeRs8tTOF2EqV.jpg','Transformers: Rise of the Beasts',
 'https://www.youtube.com/watch?v=lLVmLJdRZJQ',_binary '',13),(14,'https://image.tmdb.org/t/p/original/pbMbDlOAkVuvnxovBA2ENin59xH.jpg','Ariel es una joven y soñadora sirena,
 hija del Rey Tritón, que está cansada de su vida como princesa bajo el mar. Su mayor deseo es abandonar el fondo marino y tener una vida normal y apacible en la superficie.
 La bruja Úrsula descubre su anhelo y, por eso, a cambio de su preciosa voz le ofrece un cuerpo totalmente humano. Ariel acepta, movida por su pasión por conocer el mundo terrestre
 y porque está enamorada de un apuesto príncipe humano. Pero las cosas no serán fáciles para Ariel, ya que la bruja Úrsula esconde oscuras intenciones.',
 'https://image.tmdb.org/t/p/original/goX6Pcb7fugl9ADfg3Ns1OnuIYY.jpg','La sirenita','https://www.youtube.com/watch?v=iEjJMpzzfMc',_binary '',14),
 (15,'https://image.tmdb.org/t/p/original/m8JTwHFwX7I7JY5fPe4SjqejWag.jpg','La pareja de superhéroes Scott Lang y Hope van Dyne regresa para continuar sus aventuras como Ant-Man y la Avispa.
 Los dos, junto a los padres de Hope, Hank Pym y Janet van Dyne y la hija de Scott, Cassie Lang, se dedican a explorar el Mundo Cuántico, interactuando con nuevas y extrañas criaturas
 y embarcándose en una aventura que les llevará más allá de los límites de lo que creían posible.','https://image.tmdb.org/t/p/original/lKHy0ntGPdQeFwvNq8gK1D0anEr.jpg',
 'Ant-Man and the Wasp: Quantumania','https://www.youtube.com/watch?v=Uzoud5nQWdU',_binary '',15),
 (16,'https://image.tmdb.org/t/p/original/suw8eyL3YwE4wfzPQ0cLR02k0Gh.jpg','Ambientada más de una década después de los acontecimientos de la primera película,
 Avatar: The Way of Water empieza contando la historia de la familia Sully (Jake, Neytiri y sus hijos), los problemas que los persiguen, lo que tienen que hacer para mantenerse a salvo,
 las batallas que libran para seguir con vida y las tragedias que sufren.','https://image.tmdb.org/t/p/original/bqOqQ2Tawum3eHKNrc94P4EeaZB.jpg','Avatar: The Way of Water',
 'https://www.youtube.com/watch?v=xboEeqWpDHA',_binary '',16),
 (17,'https://image.tmdb.org/t/p/original/5i6SjyDbDWqyun8klUuCxrlFbyw.jpg','Después de dominar el mundo del boxeo, Adonis Creed ha prosperado tanto en su carrera como en su vida familiar.
 Cuando un amigo de la infancia y ex prodigio de boxeo, Damien Anderson, resurge después de cumplir una larga sentencia en prisión, está ansioso por demostrar que merece su
 disparo en el ring. El enfrentamiento entre los antiguos amigos es más que una pelea. Para resolver el puntaje, Adonis debe poner su futuro en la línea para luchar contra Damien,
 un luchador que no tiene nada que perder.','https://image.tmdb.org/t/p/original/fcFMd3HdyX7r5gtFwVnn2qr5Yhq.jpg','Creed III','https://www.youtube.com/watch?v=IeZ5xDv3w6A',_binary '',17),
 (18,'https://image.tmdb.org/t/p/original/jr8tSoJGj33XLgFBy6lmZhpGQNu.jpg','El Gato con Botas se embarca en un viaje épico para encontrar al mítico Último Deseo y recuperar sus nueve vidas.',
 'https://image.tmdb.org/t/p/original/lyP4WNmUiiOgl4g2z7ywE0z6SGF.jpg','El Gato con Botas: El último deseo','https://www.youtube.com/watch?v=QaiUm8jNiCk',_binary '',18);

INSERT INTO `imagenes` VALUES (1,'https://image.tmdb.org/t/p/original/nHFrZtGViNPW0rfd7Wy6SyyuZAg.jpg',1),
(2,'https://image.tmdb.org/t/p/original/xJOGySkcBkk2MHYWzJOZxJNJZfJ.jpg',1),
(3,'https://image.tmdb.org/t/p/original/6rZwcXHfIbVc7UEPqr6my45GF3D.jpg',1),
(4,'https://image.tmdb.org/t/p/original/8A9eIfTN0HR9wBGkgfyIijfU8ET.jpg',1),
(5,'https://image.tmdb.org/t/p/original/6Fr8xbEmQe9XXmuoNi5atUxoa5U.png',1),
(6,'https://image.tmdb.org/t/p/original/mkn6YIrW1gRydDlF9GP2imQEdBI.png',1),
(7,'https://image.tmdb.org/t/p/original/zNKs1T0VZuJiVuhuL5GSCNkGdxf.jpg',1),
(8,'https://image.tmdb.org/t/p/original/gh2bmprLtUQ8oXCSluzfqaicyrm.jpg',2),
(9,'https://image.tmdb.org/t/p/original/mj2Z9HnRSIEk3n7yVPoOY4Uzzfh.jpg',2),
(10,'https://image.tmdb.org/t/p/original/xesn2yqNvezKyMXon8Aam4QZane.jpg',2),
(11,'https://image.tmdb.org/t/p/original/ctIFaO3gGbllHlHGm5rPBqtJ83u.jpg',2),
(12,'https://image.tmdb.org/t/p/original/eYZKnp1cUHxtcerZdaOnOXEhkmd.jpg',2),
(13,'https://image.tmdb.org/t/p/original/i8dshLvq4LE3s0v8PrkDdUyb1ae.jpg',2),
(14,'https://image.tmdb.org/t/p/original/a856YVyfp73MmR0VDR5SvxD9U9l.jpg',2),
(15,'https://image.tmdb.org/t/p/original/5XsuFCL8yK8vz88YlZbcschVvby.jpg',3),
(16,'https://image.tmdb.org/t/p/original/4t0oBFrJyweYPt0hocW6RUa0b6H.jpg',3),
(17,'https://image.tmdb.org/t/p/original/fI5RsaM0NSU6TqztRhA2pal5ezv.jpg',3),
(18,'https://image.tmdb.org/t/p/original/hVUPsfrr8v70t9q7ArmihGa7Rvo.jpg',3),
(19,'https://image.tmdb.org/t/p/original/8UkYotdREQ0l2lJpDzzIrmgfaYm.jpg',3),
(20,'https://image.tmdb.org/t/p/original/27u4kBGGOQLqizEudJAOWMkvhip.jpg',3),
(21,'https://image.tmdb.org/t/p/original/e2Jd0sYMCe6qvMbswGQbM0Mzxt0.jpg',3),
(22,'https://image.tmdb.org/t/p/original/aAgGrfBwna1nO4M2USxwFgK5O0t.jpg',4),
(23,'https://image.tmdb.org/t/p/original/cJcHgjNQ9AL7ykwS2GdUDjGHel5.jpg',4),
(24,'https://image.tmdb.org/t/p/original/7bWxAsNPv9CXHOhZbJVlj2KxgfP.jpg',4),
(25,'https://image.tmdb.org/t/p/original/vppGIY6C0OJiWyc8z2oxTrlp3vd.jpg',4),
(26,'https://image.tmdb.org/t/p/original/f9J9G1uznSOOBYUdAPpV6jZgyeu.jpg',4),
(27,'https://image.tmdb.org/t/p/original/sFGENDTUNOuDbVufxksCkrDtuaT.jpg',4),
(28,'https://image.tmdb.org/t/p/original/zTabfi86YfJlaYoUW2cHztakJB1.jpg',4),
(29,'https://image.tmdb.org/t/p/original/nyZ8e7lRRwdF21NyydRIo0B9AXZ.jpg',5),
(30,'https://image.tmdb.org/t/p/original/94TIUEhuwv8PhdIADEvSuwPljS5.jpg',5),
(31,'https://image.tmdb.org/t/p/original/aKBl2YIVTQHuIDDkaqQn4OoVISn.jpg',5),
(32,'https://image.tmdb.org/t/p/original/zLWbf4JagbUfue0PWVOVzAQD1JA.jpg',5),
(33,'https://image.tmdb.org/t/p/original/uFLzSk7Tmqwrer4OIMnErZx6w92.jpg',5),
(34,'https://image.tmdb.org/t/p/original/21Xwwch4GyA0MbHNE4b79Rt0zkK.jpg',5),
(35,'https://image.tmdb.org/t/p/original/qUfqgX09N2bu4dusAlP72bBYHPO.jpg',5),
(36,'https://image.tmdb.org/t/p/original/51vreLbrGwzAg4WRCHgitWz6Naw.jpg',6),
(37,'https://image.tmdb.org/t/p/original/5YZbUmjbMa3ClvSW1Wj3D6XGolb.jpg',6),
(38,'https://image.tmdb.org/t/p/original/g7p6k4XsYbvKZllMqCtMTb7mdO4.jpg',6),
(39,'https://image.tmdb.org/t/p/original/9QlpS2v3lgT6S310QglSky5Ws0P.jpg',6),
(40,'https://image.tmdb.org/t/p/original/ejz14Xwvftn8vCTA0dAh5rlGOmU.jpg',6),
(41,'https://image.tmdb.org/t/p/original/q3IK7KJPdfl8AeJnBvB1AQbIhBM.jpg',6),
(42,'https://image.tmdb.org/t/p/original/7TUp4uKIaX9c2TAZLPwjty5A0EP.jpg',6),
(43,'https://image.tmdb.org/t/p/original/i1eghEBiC0gN4KnwuUGC2fNiX1f.jpg',7),
(44,'https://image.tmdb.org/t/p/original/n5NSF8wZeWQHHZtuWgbRAVpqXFR.jpg',7),
(45,'https://image.tmdb.org/t/p/original/pEeAZXVUiA2CoqZk0cjrZUafVB8.jpg',7),
(46,'https://image.tmdb.org/t/p/original/v3Xjb8Nhf2CLC3MQr9a6rXmvQG6.jpg',7),
(47,'https://image.tmdb.org/t/p/original/s1Nqc1JZppdaqYWzKS24H1dAOF.jpg',7),
(48,'https://image.tmdb.org/t/p/original/yTQTnYnnpWMbihlT66P7UMnyP7n.jpg',7),
(49,'https://image.tmdb.org/t/p/original/iyNkdZkC3ncIBSG4a6FZ0LGAuQM.jpg',7),
(50,'https://image.tmdb.org/t/p/original/hiHGRbyTcbZoLsYYkO4QiCLYe34.jpg',8),
(51,'https://image.tmdb.org/t/p/original/2EL6QrQmUt2ntBXjuHO4KsEfaoU.jpg',8),
(52,'https://image.tmdb.org/t/p/original/4n6pKjKlrDApwlw7k36MkcQHgc9.jpg',8),
(53,'https://image.tmdb.org/t/p/original/7Ec1A3XTxtO653F07dPYmEDd3is.jpg',8),
(54,'https://image.tmdb.org/t/p/original/1aoOjx1MHQPhYydNDT4VlEvWTU9.jpg',8),
(55,'https://image.tmdb.org/t/p/original/3oqmk6mNWPatBKcjOOJLp5WW9zN.jpg',8),
(56,'https://image.tmdb.org/t/p/original/2E9TDlzE49upmZL22ed5rG5ii2y.jpg',8),
(57,'https://image.tmdb.org/t/p/original/oblUNeHlwV3VsjB5ITMlco5ZSOF.jpg',9),
(58,'https://image.tmdb.org/t/p/original/2rVkDZFLN6DI5PAoraoe9m4IRMN.jpg',9),
(59,'https://image.tmdb.org/t/p/original/AdBXP8e6K3FYdDrMx3Wr6WZqCYF.jpg',9),
(60,'https://image.tmdb.org/t/p/original/cWDWUkIR22FSlxokhaNrT6jqX3n.jpg',9),
(61,'https://image.tmdb.org/t/p/original/yJpI96EX54KbM6W9wPizYSNP8Tv.jpg',9),
(62,'https://image.tmdb.org/t/p/original/bqMWZ5hB7bcI1KK2TH29odwCgWX.jpg',9),
(63,'https://image.tmdb.org/t/p/original/20uHjZ4yCPD2x0ndcxZaxM7hLIy.jpg',9),
(64,'https://image.tmdb.org/t/p/original/eTvN54pd83TrSEOz6wbsXEJktCV.jpg',10),
(65,'https://image.tmdb.org/t/p/original/xVA38vyOf1m8ZEzfyyuyZsWdmTB.jpg',10),
(66,'https://image.tmdb.org/t/p/original/nReOZSuYXsZHayhONqcMDzt6sPH.jpg',10),
(67,'https://image.tmdb.org/t/p/original/rgwU6f5eiiATbrBqVB8WXgsVV30.jpg',10),
(68,'https://image.tmdb.org/t/p/original/duvFKLMbUAnSfCs2qnPJ8B0sSWo.jpg',10),
(69,'https://image.tmdb.org/t/p/original/tQUMGWbH9RpYnbKjszRFReHCI5z.jpg',10),
(70,'https://image.tmdb.org/t/p/original/vnPTLSBk95XKdahOaMkTlAck5Rc.jpg',10),
(71,'https://image.tmdb.org/t/p/original/wIb43RlPf5iYeoBAYIfxfhpE8NI.jpg',11),
(72,'https://image.tmdb.org/t/p/original/bhUJAXZ5HVRfwwpeR7rPxEtmhqz.jpg',11),
(73,'https://image.tmdb.org/t/p/original/251ECTz6UWqbocZ0QQtixazjVHR.jpg',11),
(74,'https://image.tmdb.org/t/p/original/erCDpY6ALciR1vWUtVJgEzvRSyh.jpg',11),
(75,'https://image.tmdb.org/t/p/original/qRGHIXnZS39hSa9CPrIdTITu63H.jpg',11),
(76,'https://image.tmdb.org/t/p/original/tnWN6unEZz5LsJ9HSAukVlwOmux.jpg',11),
(77,'https://image.tmdb.org/t/p/original/iMFDe2gWK2VbKewoD3PhNRZmypD.png',11),
(78,'https://image.tmdb.org/t/p/original/2I5eBh98Q4aPq8WdQrHdTC8ARhY.jpg',12),
(79,'https://image.tmdb.org/t/p/original/bpvjzk0QXbJPV4wVwrHuYiq1TbP.jpg',12),
(80,'https://image.tmdb.org/t/p/original/9xfDWXAUbFXQK585JvByT5pEAhe.jpg',12),
(81,'https://image.tmdb.org/t/p/original/fmNeiPNzjUbN2FY0d4Q9GnfyHsp.jpg',12),
(82,'https://image.tmdb.org/t/p/original/jS4z8y70ESrZwmFJubqYuceFtnX.jpg',12),
(83,'https://image.tmdb.org/t/p/original/p4PbmHbGmCVuTSF6Q3auZheXcm9.jpg',12),
(84,'https://image.tmdb.org/t/p/original/i3fnrJR5SOLqropUaByIv9fvlMK.jpg',12),
(85,'https://image.tmdb.org/t/p/original/rH3jY9JN9krUyE0Q3WLNtujMs8.jpg',13),
(86,'https://image.tmdb.org/t/p/original/oSNFLkwT7RFf8e5XCUZVH5xsuO0.jpg',13),
(87,'https://image.tmdb.org/t/p/original/woJbg7ZqidhpvqFGGMRhWQNoxwa.jpg',13),
(88,'https://image.tmdb.org/t/p/origina/A3uMobzyLpvquw1oYbaP9BNMgaS.jpgl',13),
(89,'https://image.tmdb.org/t/p/original/bVhhmoo2w9HKMmjV3gPehWjDTcO.jpg',13),
(90,'https://image.tmdb.org/t/p/original/8Z9e3UtUojzQRBDns9hCLxWyZhX.png',13),
(91,'https://image.tmdb.org/t/p/original/zX2iimO7CMwyw0qPfmYyEcmVfMD.png',13),
(92,'https://image.tmdb.org/t/p/original/pbMbDlOAkVuvnxovBA2ENin59xH.jpg',14),
(93,'https://image.tmdb.org/t/p/original/1ySuP1UAiVj7QDnQwivJkSZNTxH.jpg',14),
(94,'https://image.tmdb.org/t/p/original/nLsAjHPnc5LnvUo5i9qlo7DeaZu.jpg',14),
(95,'https://image.tmdb.org/t/p/original/hJoMSAltRx5xvlAXvKyDdugjucJ.jpg',14),
(96,'https://image.tmdb.org/t/p/original/1IM8i8HiomFC4y6NRyBuDrHJWg3.jpg',14),
(97,'https://image.tmdb.org/t/p/original/qeAbT8tMlwBGcvcpQdq8fezJYxN.jpg',14),
(98,'https://image.tmdb.org/t/p/original/vPzFgnBZYv8vZ24QFMUxC1aS1My.jpg',14),
(99,'https://image.tmdb.org/t/p/original/m8JTwHFwX7I7JY5fPe4SjqejWag.jpg',15),
(100,'https://image.tmdb.org/t/p/original/9Hk9qdCyce04VXNQuDXAK1d138E.jpg',15),
(101,'https://image.tmdb.org/t/p/original/bER3pab1V6HMteb0Uho5fWAZeHZ.jpg',15),
(102,'https://image.tmdb.org/t/p/original/xCa7gIEAIy66S2LSaME90QJEWHm.jpg',15),
(103,'https://image.tmdb.org/t/p/original/bq5NtexM3ZPPjsRD3ltE4fG7PBB.jpg',15),
(104,'https://image.tmdb.org/t/p/original/8q9k9yENMtpvtDTQgBZMRXyhnqp.jpg',15),
(105,'https://image.tmdb.org/t/p/original/pIESEKTaiOMWbeHDfa9xGIYcfnb.jpg',15),
(106,'https://image.tmdb.org/t/p/original/suw8eyL3YwE4wfzPQ0cLR02k0Gh.jpg',16),
(107,'https://image.tmdb.org/t/p/original/8rpDcsfLJypbO6vREc0547VKqEv.jpg',16),
(108,'https://image.tmdb.org/t/p/original/rZAUAePCueGzTdDzRQe9wD8x1Ov.jpg',16),
(109,'https://image.tmdb.org/t/p/original/2fS9cpar9rzxixwnRptg4bGmIym.jpg',16),
(110,'https://image.tmdb.org/t/p/original/s16H6tpK2utvwDtzZ8Qy4qm5Emw.jpg',16),
(111,'https://image.tmdb.org/t/p/original/fkGR1ltNbvERk3topo4dP3gWsvR.jpg',16),
(112,'https://image.tmdb.org/t/p/original/evaFLqtswezLosllRZtJNMiO1UR.jpg',16),
(113,'https://image.tmdb.org/t/p/original/5i6SjyDbDWqyun8klUuCxrlFbyw.jpg',17),
(114,'https://image.tmdb.org/t/p/original/rV54txX9Whz7o66qoPz0VDLTvUU.jpg',17),
(115,'https://image.tmdb.org/t/p/original/x6h9sm7dIz7EjEZNCzKZb9tMlzP.jpg',17),
(116,'https://image.tmdb.org/t/p/original/8QsVX5C82mT7bB5sVsjsLcerWQK.jpg',17),
(117,'https://image.tmdb.org/t/p/original/n8RJe8bgpTfnWbIL1ZhH6U3JarV.jpg',17),
(118,'https://image.tmdb.org/t/p/original/26YLjaC1udGEmSvlM1P5eBGWO5h.jpg',17),
(119,'https://image.tmdb.org/t/p/original/xp4j8PiGCVF8fPmyw2VLln0VCxo.jpg',17),
(120,'https://image.tmdb.org/t/p/original/jr8tSoJGj33XLgFBy6lmZhpGQNu.jpg',18),
(121,'https://image.tmdb.org/t/p/original/ouB7hwclG7QI3INoYJHaZL4vOaa.jpg',18),
(122,'https://image.tmdb.org/t/p/original/vOL1LE7BHaLfHhgssZr9a9jrtEC.jpg',18),
(123,'https://image.tmdb.org/t/p/original/tGwO4xcBjhXC0p5qlkw37TrH6S6.jpg',18),
(124,'https://image.tmdb.org/t/p/original/faXT8V80JRhnArTAeYXz0Eutpv9.jpg',18),
(125,'https://image.tmdb.org/t/p/original/r9PkFnRUIthgBp2JZZzD380MWZy.jpg',18),
(126,'https://image.tmdb.org/t/p/original/b1Y8SUb12gPHCSSSNlbX4nB3IKy.jpg',18);

INSERT INTO `pelicula_categoria` VALUES (2,1),(3,1),(4,1),(7,1),(8,1),(10,1),(11,1),(4,2),(8,2),(17,3),(1,4),(6,4),(9,4),(12,4),(13,4),(14,4),(15,4),(16,4),(18,4),(1,5),(9,5),(14,5),
(18,5),(1,6),(14,6),(18,6),(14,7),(1,8),(6,11),(12,11),(13,11),(15,11),(16,11),(9,12),(18,12),(2,14),(3,14),(5,14),(6,14),(7,14),(10,14),(11,14),(12,14),(13,14),(15,14),(16,14),(17,14);

INSERT INTO `roles` VALUES (1,'ADMIN'),(2,'USER');

INSERT INTO `funciones`  (id, fecha_proyeccion, hora_proyeccion, modalidad, opciones_idioma, pelicula_id, sala_id, vigente) 
VALUES (1,'2023-06-09','09:00:00','3D','Ingles (Subtitulada Castellano)',1,3,1),
(2,'2023-06-09','13:00:00','4D','Ingles(Subtitulada castellano)',2,1,1),
(3,'2023-06-09','17:00:00','2D','Castellano',3,2,1),(4,'2023-06-09','21:00:00','3D','Ingles (Subtitulada Castellano)',4,3,1),
(5,'2023-06-10','09:00:00','3D','Castellano',5,4,1),(6,'2023-06-10','13:00:00','4D','Ingles(Subtitulada castellano)',6,1,1),
(7,'2023-06-10','17:00:00','3D','Ingles (Subtitulada Castellano)',7,3,1),(8,'2023-06-10','21:00:00','3D','Ingles (Subtitulada Castellano)',8,3,1),
(9,'2023-06-11','09:00:00','4D','Castellano',9,5,1),(10,'2023-06-11','13:00:00','2D','Castellano',10,2,1),
(11,'2023-06-11','17:00:00','3D','Ingles (Subtitulada Castellano)',11,4,1),(12,'2023-06-11','21:00:00','3D','Ingles (Subtitulada Castellano)',12,4,1),
(13,'2023-06-12','09:00:00','2D','Castellano',13,2,1),(14,'2023-06-12','13:00:00','3D','Castellano',14,4,1),(15,'2023-06-12','17:00:00','4D','Castellano',15,5,1),
(16,'2023-06-13','21:00:00','3D','Ingles (Subtitulada Castellano)',16,3,1),(17,'2023-06-13','09:00:00','4D','Ingles(Subtitulada castellano)',17,1,1),
(18,'2023-06-13','13:00:00','4D','Ingles(Subtitulada castellano)',18,1,1);




